id;idDescriptor;idGroup;code;title;imageURL;description;idLoadDiagram
;;Идентификатор товарной группы;Номер товарной подгруппы;Название товарной подгруппы;Ссылка на картинку аватарку товарной подгруппы;Описание товарной подгруппы;Идентификатор картинки со схемой нагрузки
1;;1;1236;Колонны СМЭ.К;./webfiles/1236.png;Описание товарной группы Колонны СМЭ.К;
2;;1;1237;Фермы СМЭ.Ф;./webfiles/1237.png;Описание товарной группы Фермы СМЭ.Ф;
3;;1;1238;Элементы;./webfiles/1238.png;Описание товарной группы Элементы;
4;;1;1239;Аксессуары;./webfiles/1239.png;Описание товарной группы Аксессуары;
5;;1;1240;Резерв;./webfiles/1240.png;Описание товарной группы Резерв;
6;;2;1242;Опора эстакады прямая ОШЭП 219;./webfiles/1242.png;Описание товарной группы Опора эстакады прямая ОШЭП 219;
7;;2;1650;Опора эстакады прямая ОШЭП 325;./webfiles/1650.png;Описание товарной группы Опора эстакады прямая ОШЭП 325;
8;;2;1651;Опора эстакады прямая переходная ОШЭПП 219;./webfiles/1651.png;Описание товарной группы Опора эстакады прямая переходная ОШЭПП 219;
9;;2;1652;Опора эстакады прямая переходная ОШЭПП 325;./webfiles/1652.png;Описание товарной группы Опора эстакады прямая переходная ОШЭПП 325;
10;;2;1653;Опора эстакады угловая ОШЭУ 219;./webfiles/1653.png;Описание товарной группы Опора эстакады угловая ОШЭУ 219;
11;;2;1654;Опора эстакады угловая ОШЭУ 325;./webfiles/1654.png;Описание товарной группы Опора эстакады угловая ОШЭУ 325;
12;;2;1655;Опора эстакады угловая переходная ОШЭУП 219;./webfiles/1655.png;Описание товарной группы Опора эстакады угловая переходная ОШЭУП 219;
13;;2;1656;Опора эстакады угловая переходная ОШЭУП 325;./webfiles/1656.png;Описание товарной группы Опора эстакады угловая переходная ОШЭУП 325;
14;;2;1657;Фиксатор неподвижной опоры эстакады ЭФНО 219;./webfiles/1657.png;Описание товарной группы Фиксатор неподвижной опоры эстакады ЭФНО 219;
15;;2;1658;Фиксатор неподвижной опоры эстакады ЭФНО 325;./webfiles/1658.png;Описание товарной группы Фиксатор неподвижной опоры эстакады ЭФНО 325;
16;;2;1243;Пролетное строение эстакады ПШЭ;./webfiles/1243.png;Описание товарной группы Пролетное строение эстакады ПШЭ;
17;;2;1244;Элементы;./webfiles/1244.png;Описание товарной группы Элементы;
18;;2;1245;Аксессуары;./webfiles/1245.png;Описание товарной группы Аксессуары;
19;;2;1246;Типовые узлы;./webfiles/1246.png;Описание товарной группы Типовые узлы;
20;;3;1248;Резерв 1248;./webfiles/1248.png;Описание товарной группы Резерв 1248;
21;;3;1249;Резерв 1249;./webfiles/1249.png;Описание товарной группы Резерв 1249;
22;;3;1250;Резерв 1250;./webfiles/1250.png;Описание товарной группы Резерв 1250;
23;;3;1251;Резерв 1251;./webfiles/1251.png;Описание товарной группы Резерв 1251;
24;;4;1253;Резерв 1253;./webfiles/1253.png;Описание товарной группы Резерв 1253;
25;;4;1254;Резерв 1254;./webfiles/1254.png;Описание товарной группы Резерв 1254;
26;;4;1255;Резерв 1255;./webfiles/1255.png;Описание товарной группы Резерв 1255;
27;;4;1256;Резерв 1256;./webfiles/1256.png;Описание товарной группы Резерв 1256;
28;;5;1259;Профиль  ST 41/21;./webfiles/1259.png;Описание товарной группы Профиль  ST 41/21;
29;;5;1260;Профиль  ST 41/21 D;./webfiles/1260.png;Описание товарной группы Профиль  ST 41/21 D;
30;;5;1261;Профиль  ST 41/41;./webfiles/1261.png;Описание товарной группы Профиль  ST 41/41;
31;;5;1262;Профиль  ST 41/41 D;./webfiles/1262.png;Описание товарной группы Профиль  ST 41/41 D;
32;;5;1263;Профиль  ST 41/62;./webfiles/1263.png;Описание товарной группы Профиль  ST 41/62;
33;;5;1264;Профиль  ST 41/62 D;./webfiles/1264.png;Описание товарной группы Профиль  ST 41/62 D;
34;;5;1265;Профиль  ST Z;./webfiles/1265.png;Описание товарной группы Профиль  ST Z;
35;;5;1266;Профиль  ST L;./webfiles/1266.png;Описание товарной группы Профиль  ST L;
36;;5;1513;Профиль  MS 27;./webfiles/1513.png;Описание товарной группы Профиль  MS 27;
37;;5;1516;Профиль  MS 41/41;./webfiles/1516.png;Описание товарной группы Профиль  MS 41/41;
38;;5;1519;Профиль  MS 41/62;./webfiles/1519.png;Описание товарной группы Профиль  MS 41/62;
39;;5;1514;Профиль  TP F 100;./webfiles/1514.png;Описание товарной группы Профиль  TP F 100;
40;;5;1515;Профиль  TP F 80 ;./webfiles/1515.png;Описание товарной группы Профиль  TP F 80 ;
41;;5;1517;Профиль  27 D;./webfiles/1517.png;Описание товарной группы Профиль  27 D;
42;;5;1518;Профиль  27;./webfiles/1518.png;Описание товарной группы Профиль  27;
43;;5;1520;Профиль  U-Профиль PUP 27;./webfiles/1520.png;Описание товарной группы Профиль  U-Профиль PUP 27;
44;;5;1521;Профиль без перфорации 40 /38;./webfiles/1521.png;Описание товарной группы Профиль без перфорации 40 /38;
45;;5;1522;Профиль  41/75 D;./webfiles/1522.png;Описание товарной группы Профиль  41/75 D;
46;;5;1523;Профиль  41/75;./webfiles/1523.png;Описание товарной группы Профиль  41/75;
47;;5;1528;Профиль  41/31;./webfiles/1528.png;Описание товарной группы Профиль  41/31;
48;;5;1524;Профиль  41/45;./webfiles/1524.png;Описание товарной группы Профиль  41/45;
49;;5;1526;Профиль  41/45 D;./webfiles/1526.png;Описание товарной группы Профиль  41/45 D;
50;;5;1525;Профиль  41/52;./webfiles/1525.png;Описание товарной группы Профиль  41/52;
51;;5;1527;Профиль  41/52 D;./webfiles/1527.png;Описание товарной группы Профиль  41/52 D;
52;;5;1598;Профиль перфорированный;./webfiles/1598.png;Описание товарной группы Профиль перфорированный;
53;;5;1599;Профиль  П-образный;./webfiles/1599.png;Описание товарной группы Профиль  П-образный;
54;;5;1600;Профиль  С-образный;./webfiles/1600.png;Описание товарной группы Профиль  С-образный;
55;;6;1268;Стойка ST 50/50;./webfiles/1268.png;Описание товарной группы Стойка ST 50/50;
56;;7;1270;Консоль ST 41/21;./webfiles/1270.png;Описание товарной группы Полка ST 41/21;
57;;7;1271;Консоль ST 41/21 D;./webfiles/1271.png;Описание товарной группы Полка ST 41/21 D;
58;;7;1272;Консоль ST 41/41;./webfiles/1272.png;Описание товарной группы Полка ST 41/41;
59;;7;1273;Консоль ST 41/41 D;./webfiles/1273.png;Описание товарной группы Полка ST 41/41 D;
60;;7;1274;Консоль ST 41/41;./webfiles/1274.png;Описание товарной группы Полка ST 41/41;
61;;7;1275;Консоль ST 41/62;./webfiles/1275.png;Описание товарной группы Полка ST 41/62;
62;;7;1276;Консоль ST 41/41 q;./webfiles/1276.png;Описание товарной группы Полка ST 41/41 q;
63;;7;1277;Консоль ST 41/21 Dq;./webfiles/1277.png;Описание товарной группы Полка ST 41/21 Dq;
64;;7;1278;Консоль ST 41/62 D;./webfiles/1278.png;Описание товарной группы Полка ST 41/62 D;
65;;8;1548;Консоль TKO F 80;./webfiles/1548.png;Описание товарной группы Консоль TKO F 80;
66;;8;1556;Консоль TKO F 100;./webfiles/1556.png;Описание товарной группы Консоль TKO F 100;
67;;8;1549;Консоль AK 27 ;./webfiles/1549.png;Описание товарной группы Консоль AK 27 ;
68;;8;1552;Консоль АК 27/25;./webfiles/1552.png;Описание товарной группы Консоль АК 27/25;
69;;8;1553;Консоль АК 27/25 q ;./webfiles/1553.png;Описание товарной группы Консоль АК 27/25 q ;
70;;8;1562;Консоль AK 27 /27;./webfiles/1562.png;Описание товарной группы Консоль AK 27 /27;
71;;8;1551;Консоль АК 27/37;./webfiles/1551.png;Описание товарной группы Консоль АК 27/37;
72;;8;1550;Консоль AK F 80 ;./webfiles/1550.png;Описание товарной группы Консоль AK F 80 ;
73;;8;1554;Консоль AK F 80/30;./webfiles/1554.png;Описание товарной группы Консоль AK F 80/30;
74;;8;1560;Консоль AK F 80/30-Q;./webfiles/1560.png;Описание товарной группы Консоль AK F 80/30-Q;
75;;8;1555;Консоль AK F 100;./webfiles/1555.png;Описание товарной группы Консоль AK F 100;
76;;8;1559;Консоль AK F160;./webfiles/1559.png;Описание товарной группы Консоль AK F160;
77;;8;1557;Консоль Опорная консоль SKO;./webfiles/1557.png;Описание товарной группы Консоль Опорная консоль SKO;
78;;8;1558;Консоль 27/30;./webfiles/1558.png;Описание товарной группы Консоль 27/30;
79;;8;1561;Консоль Консольная балка QKO;./webfiles/1561.png;Описание товарной группы Консоль Консольная балка QKO;
80;;9;1280;Консоль STV 41/21;./webfiles/1280.png;Описание товарной группы Полка STV 41/21;
81;;9;1281;Консоль STV 41/21 D;./webfiles/1281.png;Описание товарной группы Полка STV 41/21 D;
82;;9;1282;Консоль STV 41/41;./webfiles/1282.png;Описание товарной группы Полка STV 41/41;
83;;10;1284;Уголок СТД 41;./webfiles/1284.png;Описание товарной группы Уголок СТД 41;
84;;10;1285;Соединитель СН;./webfiles/1285.png;Описание товарной группы Соединитель СН;
85;;10;1286;Соединитель профилей SK;./webfiles/1286.png;Описание товарной группы Соединитель профилей SK;
86;;10;1287;Соединительная пластина СС;./webfiles/1287.png;Описание товарной группы Соединительная пластина СС;
87;;10;1288;Поворотная петля СШ;./webfiles/1288.png;Описание товарной группы Поворотная петля СШ;
88;;10;1616;Уголок двухмерный СТД 41;./webfiles/1616.png;Описание товарной группы Уголок двухмерный СТД 41;
89;;10;1625;Уголок монтажный СТУ 45;./webfiles/1625.png;Описание товарной группы Уголок монтажный СТУ 45;
90;;10;1626;Уголок монтажный СТУ 60;./webfiles/1626.png;Описание товарной группы Уголок монтажный СТУ 60;
91;;10;1627;Уголок монтажный СТУ 90;./webfiles/1627.png;Описание товарной группы Уголок монтажный СТУ 90;
92;;11;1290;Поворотный шарнир ПШ;./webfiles/1290.png;Описание товарной группы Поворотный шарнир ПШ;
93;;11;1291;СТШ;./webfiles/1291.png;Описание товарной группы СТШ;
94;;11;1292;Поворотная петля  JOI;./webfiles/1292.png;Описание товарной группы Поворотная петля  JOI;
95;;12;1295;Опора-уголок СТ;./webfiles/1295.png;Описание товарной группы Опора-уголок СТ;
96;;12;1296;СТО ;./webfiles/1296.png;Описание товарной группы СТО ;
97;;12;1297; FK-HV 150 377;./webfiles/1297.png;Описание товарной группы  FK-HV 150 377;
98;;12;1298;WBD ;./webfiles/1298.png;Описание товарной группы WBD ;
99;;12;1628;Подвижная опора СТШ;./webfiles/1628.png;Описание товарной группы Подвижная опора СТШ;
100;;13;1448;Декоративные крышки;./webfiles/1448.png;Описание товарной группы Декоративные крышки;
101;;13;1449;Звукоизоляция для профиля;./webfiles/1449.png;Описание товарной группы Звукоизоляция для профиля;
102;;14;1301;Крепления кабельные СЭ;./webfiles/1301.png;Описание товарной группы Крепления кабельные СЭ;
103;;14;1452;Аксессуары для креплений кабельных;./webfiles/1452.png;Описание товарной группы Аксессуары для креплений кабельных;
104;;15;1303;Крюки СЭ;./webfiles/1303.png;Описание товарной группы Крюки СЭ;
105;;16;1305;Стяжки СЭ;./webfiles/1305.png;Описание товарной группы Стяжки СЭ;
106;;17;1455;Защитное покрытие СЭ-ПЭ;./webfiles/1455.png;Описание товарной группы Защитное покрытие СЭ-ПЭ;
107;;17;1456;Защитное покрытие СЭ-ПП;./webfiles/1456.png;Описание товарной группы Защитное покрытие СЭ-ПП;
108;;17;1457;Защитное покрытие СЭ-ПВХ;./webfiles/1457.png;Описание товарной группы Защитное покрытие СЭ-ПВХ;
109;;17;1458;Защитное покрытие СЭ-ПВ;./webfiles/1458.png;Описание товарной группы Защитное покрытие СЭ-ПВ;
110;;17;1459;Защитное покрытие СЭ-ПВП;./webfiles/1459.png;Описание товарной группы Защитное покрытие СЭ-ПВП;
111;;17;1568;Фиксатор кабельного крепления СЭ;./webfiles/1568.png;Описание товарной группы Фиксатор кабельного крепления СЭ;
112;;18;1308;Профили ST-AL 41/41;./webfiles/1308.png;Описание товарной группы Профили ST-AL 41/41;
113;;18;1309;Профили ST-AL 45/65;./webfiles/1309.png;Описание товарной группы Профили ST-AL 45/65;
114;;18;1310;Профили ST-AL 45/85;./webfiles/1310.png;Описание товарной группы Профили ST-AL 45/85;
115;;19;1312;Консоли ST-AL 41/41;./webfiles/1312.png;Описание товарной группы Консоли ST-AL 41/41;
116;;19;1313;Консоли ST-AL 45/65;./webfiles/1313.png;Описание товарной группы Консоли ST-AL 45/65;
117;;19;1314;Консоли ST-AL 45/85;./webfiles/1314.png;Описание товарной группы Консоли ST-AL 45/85;
118;;19;1315;Консоли ST-AL-W 41/41;./webfiles/1315.png;Описание товарной группы Консоли ST-AL-W 41/41;
119;;19;1316;Консоли ST-AL-W 45/65;./webfiles/1316.png;Описание товарной группы Консоли ST-AL-W 45/65;
120;;19;1317;Консоли ST-AL-W 45/85;./webfiles/1317.png;Описание товарной группы Консоли ST-AL-W 45/85;
121;;19;1318;Консоли  ST-AL-WH 45/65;./webfiles/1318.png;Описание товарной группы Консоли  ST-AL-WH 45/65;
122;;19;1319;Консоли  ST-AL-WH 45/85;./webfiles/1319.png;Описание товарной группы Консоли  ST-AL-WH 45/85;
123;;20;1321;Соединители CH-AL;./webfiles/1321.png;Описание товарной группы Соединители CH-AL;
124;;20;1322;Опоры STA;./webfiles/1322.png;Описание товарной группы Опоры STA;
125;;21;1324;ЛОТОК СЕРИИ SL-AL;./webfiles/1324.png;Описание товарной группы ЛОТОК СЕРИИ SL-AL;
126;;21;1325;ЛОТОК СЕРИИ SL-AL-K;./webfiles/1325.png;Описание товарной группы ЛОТОК СЕРИИ SL-AL-K;
127;;21;1326;Крышка лестничного лотка KSL-AL;./webfiles/1326.png;Описание товарной группы Крышка лестничного лотка KSL-AL;
128;;21;1327;Фасонные элементы;./webfiles/1327.png;Описание товарной группы Фасонные элементы;
129;;21;1328;Соединители переходные;./webfiles/1328.png;Описание товарной группы Соединители переходные;
130;;21;1329;Соединительные элементы;./webfiles/1329.png;Описание товарной группы Соединительные элементы;
131;;22;1331;Лотки перфорированные «СТАНДАРТ LPS-AL»;./webfiles/1331.png;Описание товарной группы Лотки перфорированные «СТАНДАРТ LPS-AL»;
132;;22;1332;Лотки неперфорированные «СТАНДАРТ LNS-AL»;./webfiles/1332.png;Описание товарной группы Лотки неперфорированные «СТАНДАРТ LNS-AL»;
133;;22;1333;Крышки листовых лотков «СТАНДАРТ KLPS-AL»;./webfiles/1333.png;Описание товарной группы Крышки листовых лотков «СТАНДАРТ KLPS-AL»;
134;;22;1334;Фасонные элементы;./webfiles/1334.png;Описание товарной группы Фасонные элементы;
135;;22;1335;Соединители переходные;./webfiles/1335.png;Описание товарной группы Соединители переходные;
136;;22;1336;Соединительные элементы;./webfiles/1336.png;Описание товарной группы Соединительные элементы;
137;;23;1338;БОЛТ ST;./webfiles/1338.png;Описание товарной группы БОЛТ ST;
138;;23;1339;ШАЙБА ST;./webfiles/1339.png;Описание товарной группы ШАЙБА ST;
139;;23;1340;ШАЙБА УВЕЛИЧЕННАЯ ST;./webfiles/1340.png;Описание товарной группы ШАЙБА УВЕЛИЧЕННАЯ ST;
140;;23;1341;ШАЙБА-ГРОВЕР ST;./webfiles/1341.png;Описание товарной группы ШАЙБА-ГРОВЕР ST;
141;;23;1342;ГАЙКА ST;./webfiles/1342.png;Описание товарной группы ГАЙКА ST;
142;;23;1343;БЫСТРОЗАЖИМНАЯ ГАЙКА СС41;./webfiles/1343.png;Описание товарной группы БЫСТРОЗАЖИМНАЯ ГАЙКА СС41;
143;;23;1344;Гайки с прессшайбой;./webfiles/1344.png;Описание товарной группы Гайки с прессшайбой;
144;;24;1347;Стойки СТРК-50;./webfiles/1347.png;Описание товарной группы Стойки СТРК-50;
145;;24;1348;Стойки СТРК-40;./webfiles/1348.png;Описание товарной группы Стойки СТРК-40;
146;;24;1349;Стойки СТРЛ-41;./webfiles/1349.png;Описание товарной группы Стойки СТРЛ-41;
147;;24;1350;Стойки СТРК-20;./webfiles/1350.png;Описание товарной группы Стойки СТРК-20;
148;;24;1351;Стойки телескопические;./webfiles/1351.png;Описание товарной группы Стойки телескопические;
149;;24;1352;Опоры стоек;./webfiles/1352.png;Описание товарной группы Опоры стоек;
150;;25;1354;Панели фальшпола из сульфата кальция;./webfiles/1354.png;Описание товарной группы Панели фальшпола из сульфата кальция;
151;;25;1355;Панели фальшпола из ГВЛВ;./webfiles/1355.png;Описание товарной группы Панели фальшпола из ГВЛВ;
152;;25;1356;Панели фальшпола из ДСП;./webfiles/1356.png;Описание товарной группы Панели фальшпола из ДСП;
153;;25;1357;Вентиляционные панели;./webfiles/1357.png;Описание товарной группы Вентиляционные панели;
154;;25;1358;Настилы из рифленой стали гнутые;./webfiles/1358.png;Описание товарной группы Настилы из рифленой стали гнутые;
155;;25;1359;Настилы из рифленой стали рамные;./webfiles/1359.png;Описание товарной группы Настилы из рифленой стали рамные;
156;;25;1360;Настилы-заглушки;./webfiles/1360.png;Описание товарной группы Настилы-заглушки;
157;;26;1362;Ступени;./webfiles/1362.png;Описание товарной группы Ступени;
158;;26;1363;Опорный башмак пандуса;./webfiles/1363.png;Описание товарной группы Опорный башмак пандуса;
159;;27;1365;Фиксаторы панелей;./webfiles/1365.png;Описание товарной группы Фиксаторы панелей;
160;;27;1366;Съемник для панелей;./webfiles/1366.png;Описание товарной группы Съемник для панелей;
161;;27;1367;Уплотнительные ленты;./webfiles/1367.png;Описание товарной группы Уплотнительные ленты;
162;;27;1368;Полоса противоскользящая;./webfiles/1368.png;Описание товарной группы Полоса противоскользящая;
163;;28;1611;Уголок опорный;./webfiles/1611.png;Описание товарной группы Уголок опорный;
164;;28;1612;Уголок опорный SL-SCL;./webfiles/1612.png;Описание товарной группы Уголок опорный SL-SCL;
165;;28;1613;Уголок опорный SL-SCR;./webfiles/1613.png;Описание товарной группы Уголок опорный SL-SCR;
166;;28;1614;Уголок опорный ККБ;./webfiles/1614.png;Описание товарной группы Уголок опорный ККБ;
167;;28;1615;Уголок опорный СТО;./webfiles/1615.png;Описание товарной группы Уголок опорный СТО;
168;;29;1371;Состав СЭ-01;./webfiles/1371.png;Описание товарной группы Состав СЭ-01;
169;;29;1372;Состав СЭ-01Б;./webfiles/1372.png;Описание товарной группы Состав СЭ-01Б;
170;;30;1374;Мастика СЭ-611;./webfiles/1374.png;Описание товарной группы Мастика СЭ-611;
171;;30;1375;;./webfiles/1375.png;Описание товарной группы ;
172;;31;1609;Пена СЭ-620;./webfiles/1609.png;Описание товарной группы Пена СЭ-620;
173;;32;1377;Покрытие СЭ-670;./webfiles/1377.png;Описание товарной группы Покрытие СЭ-670;
174;;32;1378;Покрытие СЭ-678;./webfiles/1378.png;Описание товарной группы Покрытие СЭ-678;
175;;32;1604;Состав СЭ-680;./webfiles/1604.png;Описание товарной группы Состав СЭ-680;
176;;33;1380;Герметик СЭ-606;./webfiles/1380.png;Описание товарной группы Герметик СЭ-606;
177;;33;1606;Герметик СЭ-601;./webfiles/1606.png;Описание товарной группы Герметик СЭ-601;
178;;33;1607;Герметик СЭ-604;./webfiles/1607.png;Описание товарной группы Герметик СЭ-604;
179;;33;1605;Состав СЭ-636;./webfiles/1605.png;Описание товарной группы Состав СЭ-636;
180;;34;1382;Фасадный спрей;./webfiles/1382.png;Описание товарной группы Фасадный спрей;
181;;35;1602;СЭ-ПП;./webfiles/1602.png;Описание товарной группы СЭ-ПП;
182;;35;1603;СЭ-ОП;./webfiles/1603.png;Описание товарной группы СЭ-ОП;
183;;36;1618;Монтажный пистолет СЭ-31;./webfiles/1618.png;Описание товарной группы Монтажный пистолет СЭ-31;
184;;36;1619;Монтажный пистолет СЭ-60;./webfiles/1619.png;Описание товарной группы Монтажный пистолет СЭ-60;
185;;36;1620;Монтажный пистолет СЭ-60А ;./webfiles/1620.png;Описание товарной группы Монтажный пистолет СЭ-60А ;
186;;36;1621;Монтажный пистолет СЭ-60П;./webfiles/1621.png;Описание товарной группы Монтажный пистолет СЭ-60П;
187;;36;1622;Пневматический монтажный пистолет;./webfiles/1622.png;Описание товарной группы Пневматический монтажный пистолет;
188;;36;1623;Миксер СЭ-620-М;./webfiles/1623.png;Описание товарной группы Миксер СЭ-620-М;
189;;36;1624;Дозирующее устройство CЭ-01Д;./webfiles/1624.png;Описание товарной группы Дозирующее устройство CЭ-01Д;
190;;36;1660;Маркировочная табличка СЭ-М;./webfiles/1660.png;Описание товарной группы Маркировочная табличка СЭ-М;
191;;37;1385;Неперфорированные лотки;./webfiles/1385.png;Описание товарной группы Неперфорированные лотки;
192;;37;1386;Перфорированные лотки;./webfiles/1386.png;Описание товарной группы Перфорированные лотки;
193;;37;1387;Крышки листовых лотков;./webfiles/1387.png;Описание товарной группы Крышки листовых лотков;
194;;37;1388;Фасонные секции;./webfiles/1388.png;Описание товарной группы Фасонные секции;
195;;37;1472;Соединительная пластина KNO;./webfiles/1472.png;Описание товарной группы Соединительная пластина KNO;
196;;37;1473;Соединительная пластина К;./webfiles/1473.png;Описание товарной группы Соединительная пластина К;
197;;38;1390;Лестничные лотки SL;./webfiles/1390.png;Описание товарной группы Лестничные лотки SL;
198;;39;1392;Проволочные лотки WL;./webfiles/1392.png;Описание товарной группы Проволочные лотки WL;
199;;39;1393;Крышки проволочных лотков;./webfiles/1393.png;Описание товарной группы Крышки проволочных лотков;
200;;40;1395;Короба ККБ прямые секции;./webfiles/1395.png;Описание товарной группы Короба ККБ прямые секции;
201;;40;1396;Короба ККБ угловые секции;./webfiles/1396.png;Описание товарной группы Короба ККБ угловые секции;
202;;41;1398;Соединители;./webfiles/1398.png;Описание товарной группы Соединители;
203;;41;1399;Дополнительные элементы;./webfiles/1399.png;Описание товарной группы Дополнительные элементы;
204;;42;1402;Лестница прямая Тип 111;./webfiles/1402.png;Описание товарной группы Лестница прямая Тип 111;
205;;42;1635;Лестница прямая Тип 112;./webfiles/1635.png;Описание товарной группы Лестница прямая Тип 112;
206;;42;1636;Лестница прямая Тип 211;./webfiles/1636.png;Описание товарной группы Лестница прямая Тип 211;
207;;42;1637;Лестница прямая Тип 212;./webfiles/1637.png;Описание товарной группы Лестница прямая Тип 212;
208;;42;1638;Лестница прямая Тип 313;./webfiles/1638.png;Описание товарной группы Лестница прямая Тип 313;
209;;42;1639;Лестница прямая Тип 412;./webfiles/1639.png;Описание товарной группы Лестница прямая Тип 412;
210;;42;1403;Лестница прямая Тип 135;./webfiles/1403.png;Описание товарной группы Лестница прямая Тип 135;
211;;42;1404;Лестница угловая Тип 111;./webfiles/1404.png;Описание товарной группы Лестница угловая Тип 111;
212;;42;1640;Лестница угловая Тип 112;./webfiles/1640.png;Описание товарной группы Лестница угловая Тип 112;
213;;42;1641;Лестница угловая Тип 313;./webfiles/1641.png;Описание товарной группы Лестница угловая Тип 313;
214;;42;1405;Лестница разводная Тип 111;./webfiles/1405.png;Описание товарной группы Лестница разводная Тип 111;
215;;42;1642;Лестница разводная Тип 112;./webfiles/1642.png;Описание товарной группы Лестница разводная Тип 112;
216;;42;1643;Лестница разводная Тип 313;./webfiles/1643.png;Описание товарной группы Лестница разводная Тип 313;
217;;42;1406;Крестовина Тип 111;./webfiles/1406.png;Описание товарной группы Крестовина Тип 111;
218;;42;1644;Крестовина Тип 112;./webfiles/1644.png;Описание товарной группы Крестовина Тип 112;
219;;42;1645;Крестовина Тип 313;./webfiles/1645.png;Описание товарной группы Крестовина Тип 313;
220;;43;1408;Лестница прямая Тип 224;./webfiles/1408.png;Описание товарной группы Лестница прямая Тип 224;
221;;43;1409;Лестница прямая Тип 324;./webfiles/1409.png;Описание товарной группы Лестница прямая Тип 324;
222;;43;1646;Лестница прямая Тип 424;./webfiles/1646.png;Описание товарной группы Лестница прямая Тип 424;
223;;43;1410;Лестница угловая Тип 224;./webfiles/1410.png;Описание товарной группы Лестница угловая Тип 224;
224;;43;1647;Лестница угловая Тип 324;./webfiles/1647.png;Описание товарной группы Лестница угловая Тип 324;
225;;43;1411;Лестница разводная Тип 224;./webfiles/1411.png;Описание товарной группы Лестница разводная Тип 224;
226;;43;1648;Лестница разводная Тип 324;./webfiles/1648.png;Описание товарной группы Лестница разводная Тип 324;
227;;43;1412;Крестовина Тип 224;./webfiles/1412.png;Описание товарной группы Крестовина Тип 224;
228;;43;1649;Крестовина Тип 324;./webfiles/1649.png;Описание товарной группы Крестовина Тип 324;
229;;44;1414;Панель прямая П;./webfiles/1647.png;Описание товарной группы Панель прямая П;
230;;44;1415;Панель угловая ПУ;./webfiles/1415.png;Описание товарной группы Панель угловая ПУ;
231;;45;1417;Полоса перфорированная;./webfiles/1417.png;Описание товарной группы Полоса перфорированная;
232;;45;1418;Кницы;./webfiles/1418.png;Описание товарной группы Кницы;
233;;45;1419;Мост типа 1;./webfiles/1419.png;Описание товарной группы Мост типа 1;
234;;45;1632;Мост с лапками типа 6;./webfiles/1632.png;Описание товарной группы Мост с лапками типа 6;
235;;45;1659;Мост типа 10;./webfiles/1659.png;Описание товарной группы Мост типа 10;
236;;45;1661;Мост типа 4;./webfiles/1661.png;Описание товарной группы Мост типа 4;
237;;45;1662;Мост типа 3;./webfiles/1662.png;Описание товарной группы Мост типа 3;
238;;45;1420;Лапка приварная;./webfiles/1420.png;Описание товарной группы Лапка приварная;
239;;45;1421;Стойки;./webfiles/1421.png;Описание товарной группы Стойки;
240;;45;1629;Полоса перфорированная;./webfiles/1629.png;Описание товарной группы Полоса перфорированная;
241;;45;1630;Перфорированный уголок;./webfiles/1630.png;Описание товарной группы Перфорированный уголок;
242;;45;1631;Уголок с поперечной перфорацией;./webfiles/1631.png;Описание товарной группы Уголок с поперечной перфорацией;
243;;45;1633;Пруток на стойках;./webfiles/1633.png;Описание товарной группы Пруток на стойках;
244;;45;1634;Пруток П-образный;./webfiles/1634.png;Описание товарной группы Пруток П-образный;
245;;46;1423;Детали лестниц;./webfiles/1423.png;Описание товарной группы Детали лестниц;
246;;47;1426;Болт;./webfiles/1426.png;Описание товарной группы Болт;
247;;47;1427;Болт с неполной резьбой;./webfiles/1427.png;Описание товарной группы Болт с неполной резьбой;
248;;47;1428;Болты с Т-образной головкой;./webfiles/1428.png;Описание товарной группы Болты с Т-образной головкой;
249;;47;1429;Болты U-образные;./webfiles/1429.png;Описание товарной группы Болты U-образные;
250;;47;1531;Болт шестигранный;./webfiles/1531.png;Описание товарной группы Болт шестигранный;
251;;47;1530;Болт-клин;./webfiles/1530.png;Описание товарной группы Болт-клин;
252;;47;1466;Рым-болт;./webfiles/1466.png;Описание товарной группы Рым-болт;
253;;47;1532;Болт-крюк;./webfiles/1532.png;Описание товарной группы Болт-крюк;
254;;47;1540;Болт с полукруглой головкой и квадратным подголовком;./webfiles/1540.png;Описание товарной группы Болт с полукруглой головкой и квадратным подголовком;
255;;47;1451;Винты с полукруглой головкой;./webfiles/1451.png;Описание товарной группы Винты с полукруглой головкой;
256;;47;1577;Винт для бетона;./webfiles/1577.png;Описание товарной группы Винт для бетона;
257;;47;1579;Винт с шестигранной головкой;./webfiles/1579.png;Описание товарной группы Винт с шестигранной головкой;
258;;47;1584;Винт для деревянных конструкций ;./webfiles/1584.png;Описание товарной группы Винт для деревянных конструкций ;
259;;47;1591;Винт-шуруп;./webfiles/1591.png;Описание товарной группы Винт-шуруп;
260;;47;1534;Болт фундаментный;./webfiles/1534.png;Описание товарной группы Болт фундаментный;
261;;47;1535;Болт фундаментный прямой ;./webfiles/1535.png;Описание товарной группы Болт фундаментный прямой ;
262;;47;1533;Анкерный болт;./webfiles/1533.png;Описание товарной группы Анкерный болт;
263;;47;1536;Высокопрочный болт;./webfiles/1536.png;Описание товарной группы Высокопрочный болт;
264;;48;1538;Пластина опорная для U-образного болта;./webfiles/1538.png;Описание товарной группы Пластина опорная для U-образного болта;
265;;48;1539;Скоба прижимная болтовая;./webfiles/1539.png;Описание товарной группы Скоба прижимная болтовая;
266;;48;1588;Скоба монтажная ;./webfiles/1588.png;Описание товарной группы Скоба монтажная ;
267;;48;1589;Пластина с отверстием Framo ;./webfiles/1589.png;Описание товарной группы Пластина с отверстием Framo ;
268;;48;1594;Поворотная пластина РР;./webfiles/1594.png;Описание товарной группы Поворотная пластина РР;
269;;48;1595;Опорная пластина АА;./webfiles/1595.png;Описание товарной группы Опорная пластина АА;
270;;48;1596;Опорная пластина НК 41;./webfiles/1596.png;Описание товарной группы Опорная пластина НК 41;
271;;48;1597;Скоба-зажимная U 41;./webfiles/1597.png;Описание товарной группы Скоба-зажимная U 41;
272;;49;1431;Гайка шестигранная;./webfiles/1431.png;Описание товарной группы Гайка шестигранная;
273;;49;1432;Гайка с прессшайбой;./webfiles/1432.png;Описание товарной группы Гайка с прессшайбой;
274;;49;1433;Быстрозажимные гайки СС 41;./webfiles/1433.png;Описание товарной группы Быстрозажимные гайки СС 41;
275;;49;1450;Муфты шестигранные;./webfiles/1450.png;Описание товарной группы Муфты шестигранные;
276;;49;1453;Гайки колпачковые;./webfiles/1453.png;Описание товарной группы Гайки колпачковые;
277;;49;1541;Монтажная гайка;./webfiles/1541.png;Описание товарной группы Монтажная гайка;
278;;49;1542;Фиксирующая гайка ;./webfiles/1542.png;Описание товарной группы Фиксирующая гайка ;
279;;49;1543;Гайка-колпачек;./webfiles/1543.png;Описание товарной группы Гайка-колпачек;
280;;49;1544;Гайка присоединительная 3G с трехходовой резьбой;./webfiles/1544.png;Описание товарной группы Гайка присоединительная 3G с трехходовой резьбой;
281;;49;1545;Гайка со стопорным кольцом;./webfiles/1545.png;Описание товарной группы Гайка со стопорным кольцом;
282;;49;1546;Гайка самозатягивающаяся;./webfiles/1546.png;Описание товарной группы Гайка самозатягивающаяся;
283;;49;1564;Высокопрочная гайка;./webfiles/1564.png;Описание товарной группы Высокопрочная гайка;
284;;50;1435;Шпильки резьбовые;./webfiles/1435.png;Описание товарной группы Шпильки резьбовые;
285;;50;1436;Шпильки мерные;./webfiles/1436.png;Описание товарной группы Шпильки мерные;
286;;50;1437;Шпильки для химанкеров;./webfiles/1437.png;Описание товарной группы Шпильки для химанкеров;
287;;50;1592;Анкерная шпилька;./webfiles/1592.png;Описание товарной группы Анкерная шпилька;
288;;50;1593;Талреп;./webfiles/1593.png;Описание товарной группы Талреп;
289;;51;1439;Шайбы;./webfiles/1439.png;Описание товарной группы Шайбы;
290;;51;1440;Шайбы увеличенные;./webfiles/1440.png;Описание товарной группы Шайбы увеличенные;
291;;51;1441;Шайбы гровер;./webfiles/1441.png;Описание товарной группы Шайбы гровер;
292;;51;1563;Высокопрочная шайба;./webfiles/1563.png;Описание товарной группы Высокопрочная шайба;
293;;51;1565;Шайба квадратная;./webfiles/1565.png;Описание товарной группы Шайба квадратная;
294;;52;1443;Клиновые анкера;./webfiles/1443.png;Описание товарной группы Клиновые анкера;
295;;52;1444;Забивные анкера;./webfiles/1444.png;Описание товарной группы Забивные анкера;
296;;52;1569;Складной анкер с крюком;./webfiles/1569.png;Описание товарной группы Складной анкер с крюком;
297;;52;1578;Металлический дюбель для газобетона;./webfiles/1578.png;Описание товарной группы Металлический дюбель для газобетона;
298;;52;1580;Дюбель универсальный фасадный анкерный;./webfiles/1580.png;Описание товарной группы Дюбель универсальный фасадный анкерный;
299;;52;1582;Дюбель многофункциональный  с шурупом;./webfiles/1582.png;Описание товарной группы Дюбель многофункциональный  с шурупом;
300;;52;1581;Дюбель-гвоздь;./webfiles/1581.png;Описание товарной группы Дюбель-гвоздь;
301;;52;1583;Дюбель фасадный с шестигранной головкой;./webfiles/1583.png;Описание товарной группы Дюбель фасадный с шестигранной головкой;
302;;52;1586;Химический анкер;./webfiles/1586.png;Описание товарной группы Химический анкер;
303;;52;1587;Анкер для пустотелых конструкций;./webfiles/1587.png;Описание товарной группы Анкер для пустотелых конструкций;
304;;53;1461;Крюк с резьбой;./webfiles/1461.png;Описание товарной группы Крюк с резьбой;
305;;53;1462;Держатель с внешней резьбой;./webfiles/1462.png;Описание товарной группы Держатель с внешней резьбой;
306;;53;1529;Держатель информационный ;./webfiles/1529.png;Описание товарной группы Держатель информационный ;
307;;53;1570;Саморез кровельный для металла;./webfiles/1570.png;Описание товарной группы Саморез кровельный для металла;
308;;53;1571;Саморез с прессшайбой со сверлом;./webfiles/1571.png;Описание товарной группы Саморез с прессшайбой со сверлом;
309;;53;1572;Саморез с потайной головкой и сверлом;./webfiles/1572.png;Описание товарной группы Саморез с потайной головкой и сверлом;
310;;53;1573;Саморез с шестигранной головкой и наконечником сверло;./webfiles/1573.png;Описание товарной группы Саморез с шестигранной головкой и наконечником сверло;
311;;53;1574;Саморез с резиновой уплотняющей прокладкой;./webfiles/1574.png;Описание товарной группы Саморез с резиновой уплотняющей прокладкой;
312;;53;1575;Саморез кровельный с герметизирующей шайбой;./webfiles/1575.png;Описание товарной группы Саморез кровельный с герметизирующей шайбой;
313;;53;1576;Саморез для сэндвич-панелей;./webfiles/1576.png;Описание товарной группы Саморез для сэндвич-панелей;
314;;53;1590;Шуруп по бетону;./webfiles/1590.png;Описание товарной группы Шуруп по бетону;
315;;54;1446;Комплекты метизов;./webfiles/1446.png;Описание товарной группы Комплекты метизов;
316;;55;1465;Подвес для труб N ;./webfiles/1465.png;Описание товарной группы Подвес для труб N ;
317;;55;1585;Подвес для труб N с силиконовой изоляцией;./webfiles/1585.png;Описание товарной группы Подвес для труб N с силиконовой изоляцией;
318;;56;1566;Хомут с изоляцией с защелкой;./webfiles/1566.png;Описание товарной группы Хомут с изоляцией с защелкой;
319;;56;1567;Хомут без изоляции с защелкой;./webfiles/1567.png;Описание товарной группы Хомут без изоляции с защелкой;
320;;56;1468;Хомут Kombi S ;./webfiles/1468.png;Описание товарной группы Хомут Kombi S ;
321;;56;1469;Хомут Stabil D;./webfiles/1469.png;Описание товарной группы Хомут Stabil D;
322;;56;1481;Хомут Stabil  тип C LK;./webfiles/1481.png;Описание товарной группы Хомут Stabil  тип C LK;
323;;56;1482;Хомут Stabil D-A ;./webfiles/1482.png;Описание товарной группы Хомут Stabil D-A ;
324;;56;1505;Хомут Stabil;./webfiles/1505.png;Описание товарной группы Хомут Stabil;
325;;56;1470;Хомут Stabil  с изоляцией;./webfiles/1470.png;Описание товарной группы Хомут Stabil  с изоляцией;
326;;56;1500;Хомут Stabil D-2G ss;./webfiles/1500.png;Описание товарной группы Хомут Stabil D-2G ss;
327;;56;1501;Хомут Stabil D-2G ss с силиконовой изоляцией;./webfiles/1501.png;Описание товарной группы Хомут Stabil D-2G ss с силиконовой изоляцией;
328;;56;1471;Хомут Stabil D-3G ;./webfiles/1471.png;Описание товарной группы Хомут Stabil D-3G ;
329;;56;1474;Хомут Stabil D-3G с изоляцией;./webfiles/1474.png;Описание товарной группы Хомут Stabil D-3G с изоляцией;
330;;56;1475;Хомут Stabil RB-A;./webfiles/1475.png;Описание товарной группы Хомут Stabil RB-A;
331;;56;1489;Хомут Stabil D-3G/М mE с изоляцией ;./webfiles/1489.png;Описание товарной группы Хомут Stabil D-3G/М mE с изоляцией ;
332;;56;1485;Хомут Stabil D-3G NBR ;./webfiles/1485.png;Описание товарной группы Хомут Stabil D-3G NBR ;
333;;56;1476;Хомут LKS;./webfiles/1476.png;Описание товарной группы Хомут LKS;
334;;56;1477;Двойной хомут ss;./webfiles/1477.png;Описание товарной группы Двойной хомут ss;
335;;56;1499;Двойной хомут ss с изоляцией;./webfiles/1499.png;Описание товарной группы Двойной хомут ss с изоляцией;
336;;56;1478;Двойной хомут  SRS m.E. VA ;./webfiles/1478.png;Описание товарной группы Двойной хомут  SRS m.E. VA ;
337;;56;1479;Двойной хомут SRC без изоляции;./webfiles/1479.png;Описание товарной группы Двойной хомут SRC без изоляции;
338;;56;1480;Хомут PLU TOP 2G со звукоизоляцией DN;./webfiles/1480.png;Описание товарной группы Хомут PLU TOP 2G со звукоизоляцией DN;
339;;56;1483;Хомут U-образный RUC I hcp;./webfiles/1483.png;Описание товарной группы Хомут U-образный RUC I hcp;
340;;56;1484;Хомут для низких температур AKS;./webfiles/1484.png;Описание товарной группы Хомут для низких температур AKS;
341;;56;1498;Хомут для низких температур RB ;./webfiles/1498.png;Описание товарной группы Хомут для низких температур RB ;
342;;56;1488;Хомут для низких температур LKS ;./webfiles/1488.png;Описание товарной группы Хомут для низких температур LKS ;
343;;56;1490;Хомут для низких температур KS;./webfiles/1490.png;Описание товарной группы Хомут для низких температур KS;
344;;56;1502;Хомут для низких температур KSH;./webfiles/1502.png;Описание товарной группы Хомут для низких температур KSH;
345;;56;1503;Хомут для низких температур KSM ;./webfiles/1503.png;Описание товарной группы Хомут для низких температур KSM ;
346;;56;1504;Хомут для низких температур K-HV;./webfiles/1504.png;Описание товарной группы Хомут для низких температур K-HV;
347;;56;1507;Хомут для низких температур SKS;./webfiles/1507.png;Описание товарной группы Хомут для низких температур SKS;
348;;56;1508;Хомут для низких температур KS RB;./webfiles/1508.png;Описание товарной группы Хомут для низких температур KS RB;
349;;56;1506;Хомут фиксирующей опоры для низких температур;./webfiles/1506.png;Описание товарной группы Хомут фиксирующей опоры для низких температур;
350;;56;1486;Направляющий хомут FR - H 20 DN;./webfiles/1486.png;Описание товарной группы Направляющий хомут FR - H 20 DN;
351;;56;1487;Фиксирующий хомут XR - H 20 DN ;./webfiles/1487.png;Описание товарной группы Фиксирующий хомут XR - H 20 DN ;
352;;56;1491;Хомут для вентиляционных труб 2G;./webfiles/1491.png;Описание товарной группы Хомут для вентиляционных труб 2G;
353;;56;1510;Хомут для вентиляционных труб 2G-N;./webfiles/1510.png;Описание товарной группы Хомут для вентиляционных труб 2G-N;
354;;56;1511;Хомут для вентиляционных труб 1G-N;./webfiles/1511.png;Описание товарной группы Хомут для вентиляционных труб 1G-N;
355;;56;1512;Хомут для вентиляционных труб 1G-N  со звукоизоляцией;./webfiles/1512.png;Описание товарной группы Хомут для вентиляционных труб 1G-N  со звукоизоляцией;
356;;56;1509;Хомут для вентиляционных труб PLU;./webfiles/1509.png;Описание товарной группы Хомут для вентиляционных труб PLU;
357;;56;1495;Хомут Ratio K 2000 для пластиковых труб;./webfiles/1495.png;Описание товарной группы Хомут Ratio K 2000 для пластиковых труб;
358;;56;1496;Хомут Ratio S;./webfiles/1496.png;Описание товарной группы Хомут Ratio S;
359;;56;1497;Хомут Ratio LS  с изоляцией;./webfiles/1497.png;Описание товарной группы Хомут Ratio LS  с изоляцией;
360;;57;1493;Лента звукоизоляционная для хомутов SBR EPDM STD;./webfiles/1493.png;Описание товарной группы Лента звукоизоляционная для хомутов SBR EPDM STD;
361;;57;1494;Лента звукоизоляционная силиконовая для хомутов STD;./webfiles/1494.png;Описание товарной группы Лента звукоизоляционная силиконовая для хомутов STD;
362;;12;1665;Опора СТ;./webfiles/1665.png;Опоры типа СТ;
